{"stats":{"minecraft:custom":{"minecraft:interact_with_crafting_table":70,"minecraft:leave_game":29,"minecraft:time_since_death":10851,"minecraft:sprint_one_cm":864655,"minecraft:drop":154,"minecraft:play_time":337540,"minecraft:deaths":86,"minecraft:jump":7229,"minecraft:walk_on_water_one_cm":48151,"minecraft:interact_with_furnace":119,"minecraft:sleep_in_bed":21,"minecraft:damage_dealt":10458,"minecraft:player_kills":53,"minecraft:crouch_one_cm":28918,"minecraft:mob_kills":137,"minecraft:damage_dealt_resisted":10,"minecraft:climb_one_cm":5969,"minecraft:walk_one_cm":999548,"minecraft:sneak_time":9866,"minecraft:walk_under_water_one_cm":21146,"minecraft:boat_one_cm":209519,"minecraft:total_world_time":337540,"minecraft:time_since_rest":10879,"minecraft:damage_taken":28101,"minecraft:swim_one_cm":54091,"minecraft:fly_one_cm":1170514,"minecraft:open_chest":141,"minecraft:fall_one_cm":188756},"minecraft:used":{"minecraft:iron_shovel":16,"butchercraft:butcher_knife":9,"minecraft:chest":4,"minecraft:tuff":5,"butchercraft:cooked_pork_roast":12,"minecraft:spruce_boat":2,"born_in_chaos_v1:corpse_maggot":8,"butchercraft:beef_scraps":13,"minecraft:sweet_berries":62,"minecraft:furnace":9,"minecraft:egg":1,"butchercraft:cooked_lung":2,"minecraft:potato":36,"minecraft:stone_pickaxe":301,"minecraft:wooden_pickaxe":43,"butchercraft:cooked_beef_scraps":1,"butchercraft:gut_knife":140,"moguns:walther_ppk":17,"minecraft:sand":35,"butchercraft:cooked_pork_scraps":1,"butchercraft:pig_hide":1,"cgm:assault_rifle":126,"minecraft:andesite":37,"minecraft:bone_meal":15,"minecraft:stone_sword":45,"born_in_chaos_v1:ethereal_spirit":6,"minecraft:stone_shovel":40,"minecraft:spruce_planks":70,"minecraft:netherrack":12,"simpletomb:grave_key":114,"minecraft:oak_door":1,"minecraft:torch":131,"minecraft:dirt":70,"cgm:workbench":4,"minecraft:wooden_axe":20,"butchercraft:cooked_beef_stewmeat":6,"minecraft:cooked_beef":10,"minecraft:cobbled_deepslate":7,"minecraft:golden_axe":13,"minecraft:iron_leggings":1,"minecraft:wheat_seeds":3,"minecraft:water_bucket":7,"minecraft:baked_potato":2,"minecraft:birch_boat":2,"minecraft:crafting_table":16,"minecraft:white_bed":16,"butchercraft:cooked_beef_roast":9,"minecraft:diamond_pickaxe":411,"minecraft:iron_pickaxe":708,"cgm:grenade":4,"minecraft:stone_axe":81,"butchercraft:lamb_scraps":1,"minecraft:cobblestone":481,"minecraft:cooked_porkchop":2,"minecraft:bucket":8},"minecraft:crafted":{"minecraft:black_dye":3,"minecraft:oak_planks":36,"minecraft:birch_boat":1,"minecraft:lever":1,"minecraft:chest":4,"butchercraft:butcher_knife":1,"minecraft:golden_boots":1,"minecraft:cooked_porkchop":1,"minecraft:crafting_table":10,"minecraft:spruce_planks":140,"minecraft:wooden_pickaxe":1,"minecraft:baked_potato":2,"minecraft:copper_ingot":37,"butchercraft:cooked_lung":2,"butchercraft:cooked_beef_scraps":1,"minecraft:diamond_pickaxe":1,"minecraft:stick":60,"minecraft:iron_pickaxe":3,"minecraft:iron_ingot":64,"minecraft:gold_ingot":24,"minecraft:oak_door":3,"minecraft:stone_shovel":1,"minecraft:golden_chestplate":1,"minecraft:iron_nugget":27,"minecraft:furnace":2,"butchercraft:cooked_pork_roast":10,"minecraft:bone_meal":21,"minecraft:stone_pickaxe":3,"minecraft:spruce_boat":1,"minecraft:dark_oak_planks":4,"cgm:workbench":1,"minecraft:golden_helmet":1,"minecraft:cooked_beef":12,"butchercraft:cooked_beef_roast":1,"minecraft:bucket":1,"minecraft:stone_axe":1,"minecraft:air":0,"butchercraft:gut_knife":1,"minecraft:wooden_axe":1,"minecraft:iron_shovel":1,"butchercraft:cooked_beef_stewmeat":6,"minecraft:torch":124},"minecraft:killed_by":{"midnightlurker:midnight_lurker_backturned":1,"born_in_chaos_v1:nightmare_stalker":1,"minecraft:creeper":1,"born_in_chaos_v1:zombie_bruiser":1,"minecraft:zombie":2,"thestarvedstalker:the_starved_stalker_aggro":3,"minecraft:player":43,"born_in_chaos_v1:fallen_chaos_knight":1,"born_in_chaos_v1:bonescaller":1,"minecraft:skeleton":3,"kevin_trophy:blister_zombie":2,"born_in_chaos_v1:missioner":1},"minecraft:dropped":{"minecraft:crimson_stem":2,"butchercraft:beef_scraps":5,"butchercraft:leather_scrap":2,"minecraft:moss_block":1,"minecraft:birch_planks":3,"minecraft:cooked_beef":10,"minecraft:oak_log":5,"minecraft:weeping_vines":2,"minecraft:dirt":11,"minecraft:grass":1,"minecraft:crimson_roots":14,"minecraft:sand":65,"minecraft:iron_pickaxe":4,"minecraft:white_wool":1,"minecraft:bone":7,"minecraft:gravel":10,"minecraft:crimson_fungus":2,"minecraft:stone_axe":1,"minecraft:sugar_cane":3,"minecraft:lever":1,"born_in_chaos_v1:fire_dust":4,"minecraft:cobbled_deepslate":52,"minecraft:wheat":1,"born_in_chaos_v1:ethereal_spirit":9,"minecraft:rotten_flesh":39,"butchercraft:pig_carcass":1,"born_in_chaos_v1:corpse_maggot":2,"born_in_chaos_v1:diamond_termite_shard":1,"minecraft:arrow":9,"minecraft:quartz":11,"minecraft:netherrack":148,"minecraft:egg":1,"minecraft:wheat_seeds":12,"minecraft:poisonous_potato":1,"cgm:mini_gun":1,"minecraft:cobblestone":39,"minecraft:copper_ingot":24,"minecraft:coal":6,"minecraft:stick":6,"born_in_chaos_v1:black_argillite":32,"minecraft:ink_sac":3,"minecraft:wooden_axe":1,"minecraft:iron_axe":1,"minecraft:string":3,"minecraft:sweet_berries":14,"minecraft:stone_sword":1,"minecraft:tuff":5,"butchercraft:chicken_carcass":2,"minecraft:stone_shovel":1,"minecraft:raw_iron":33,"born_in_chaos_v1:rotten_fish":1,"minecraft:light_gray_concrete":6,"minecraft:potato":1,"minecraft:spruce_planks":2,"minecraft:andesite":34,"minecraft:oak_sapling":1,"minecraft:gray_concrete_powder":8,"minecraft:sandstone":143,"minecraft:stone_pickaxe":1,"minecraft:wooden_pickaxe":1,"butchercraft:cow_carcass":1},"minecraft:killed":{"born_in_chaos_v1:zombie_clown":1,"born_in_chaos_v1:restless_spirit":2,"born_in_chaos_v1:zombie_lumberjack":1,"minecraft:spider":5,"born_in_chaos_v1:siamese_skeletonsright":1,"born_in_chaos_v1:scarlet_persecutor":1,"minecraft:skeleton":8,"minecraft:chicken":5,"minecraft:pig":1,"born_in_chaos_v1:diamond_termite":5,"minecraft:creeper":16,"minecraft:sheep":2,"kevin_trophy:blister_zombie":7,"minecraft:goat":4,"minecraft:zombie":21,"born_in_chaos_v1:dread_hound":2,"born_in_chaos_v1:corpse_fly":7,"minecraft:cow":6,"born_in_chaos_v1:siamese_skeletonsleft":1,"born_in_chaos_v1:thornshell_crab":1,"born_in_chaos_v1:firelight":2,"born_in_chaos_v1:maggot":7,"kevin_trophy:spitter_zombie":1,"born_in_chaos_v1:corpse_fish":1,"born_in_chaos_v1:fallen_chaos_knight":1,"born_in_chaos_v1:baby_skeleton":2,"minecraft:squid":2,"born_in_chaos_v1:decrepit_skeleton":2,"born_in_chaos_v1:bloody_gadfly":1,"kevin_trophy:crawler_zombie":6,"thestarvedstalker:hungrejaw":1,"born_in_chaos_v1:nightmare_stalker":1,"kevin_trophy:zombie_brute":3},"minecraft:broken":{"minecraft:golden_helmet":1,"minecraft:golden_boots":1,"minecraft:iron_leggings":1,"minecraft:stone_pickaxe":2,"minecraft:golden_chestplate":1,"minecraft:iron_pickaxe":2},"minecraft:mined":{"minecraft:spruce_planks":5,"minecraft:white_bed":12,"minecraft:acacia_log":5,"minecraft:grass_block":23,"minecraft:glowstone":21,"minecraft:iron_ore":67,"minecraft:cobbled_deepslate":3,"minecraft:fire":4,"minecraft:light_gray_concrete":3,"minecraft:black_candle":1,"minecraft:deepslate_redstone_ore":4,"minecraft:crimson_nylium":17,"minecraft:clay":6,"minecraft:torch":1,"minecraft:chest":1,"minecraft:dead_bush":1,"minecraft:nether_quartz_ore":12,"minecraft:cobblestone":31,"minecraft:wall_torch":9,"minecraft:deepslate_copper_ore":5,"minecraft:nether_wart_block":1,"minecraft:birch_log":13,"minecraft:wheat":18,"minecraft:grass":6,"minecraft:oak_log":3,"minecraft:sand":29,"minecraft:dirt":40,"minecraft:netherrack":371,"minecraft:oak_leaves":2,"minecraft:deepslate":18,"minecraft:nether_gold_ore":2,"minecraft:tuff":6,"minecraft:deepslate_diamond_ore":3,"born_in_chaos_v1:infected_diamond_ore":1,"minecraft:crimson_roots":11,"butchercraft:pig_hide_carpet":1,"minecraft:moss_block":1,"minecraft:sandstone":85,"minecraft:crimson_stem":3,"cgm:workbench":3,"minecraft:large_fern":4,"minecraft:redstone_ore":8,"minecraft:furnace":6,"minecraft:andesite":93,"minecraft:potatoes":6,"minecraft:deepslate_iron_ore":39,"minecraft:stone":485,"minecraft:bone_block":11,"minecraft:crafting_table":6,"minecraft:tall_grass":3,"minecraft:copper_ore":9,"minecraft:deepslate_gold_ore":8,"minecraft:sweet_berry_bush":16,"minecraft:spruce_log":37,"minecraft:birch_leaves":3,"minecraft:coal_ore":99,"minecraft:gold_ore":1,"minecraft:fern":2},"minecraft:picked_up":{"minecraft:wooden_axe":1,"minecraft:iron_chestplate":1,"minecraft:wheat":4,"cgm:basic_bullet":64,"butchercraft:cow_carcass":1,"born_in_chaos_v1:black_argillite":32,"minecraft:string":6,"minecraft:raw_copper":64,"minecraft:iron_leggings":1,"minecraft:gold_nugget":13,"minecraft:cobbled_deepslate":57,"minecraft:spruce_planks":9,"minecraft:azalea":6,"minecraft:iron_pickaxe":3,"minecraft:furnace":6,"minecraft:stick":1,"moguns:akm":1,"minecraft:torch":19,"minecraft:acacia_log":5,"minecraft:porkchop":24,"butchercraft:cooked_pork_roast":2,"born_in_chaos_v1:nightmare_claw":1,"minecraft:black_dye":1,"minecraft:stone_sword":1,"minecraft:rotten_flesh":51,"minecraft:cobblestone":642,"minecraft:birch_log":12,"minecraft:cooked_beef":8,"minecraft:feather":2,"minecraft:andesite":135,"butchercraft:cooked_beef_roast":8,"minecraft:potato":22,"minecraft:flint":4,"minecraft:tuff":10,"minecraft:lapis_lazuli":42,"minecraft:dirt":84,"cgm:grenade":4,"minecraft:gray_concrete_powder":16,"born_in_chaos_v1:monster_skin":4,"minecraft:bone":27,"minecraft:wheat_seeds":39,"minecraft:raw_gold":16,"minecraft:glowstone_dust":61,"minecraft:moss_block":2,"minecraft:oak_planks":1,"minecraft:cooked_porkchop":1,"moguns:trashcan":1,"minecraft:poisonous_potato":1,"minecraft:sand":70,"minecraft:ink_sac":6,"minecraft:fermented_spider_eye":9,"minecraft:dark_oak_log":1,"minecraft:light_gray_concrete":9,"minecraft:black_concrete_powder":8,"born_in_chaos_v1:fire_dust":4,"minecraft:diamond":7,"minecraft:spruce_boat":1,"minecraft:grass":1,"minecraft:bone_meal":2,"moguns:walther_ppk":1,"moguns:9x19":60,"minecraft:oak_sapling":2,"born_in_chaos_v1:rotten_fish":2,"minecraft:netherrack":352,"butchercraft:cooked_beef_stewmeat":1,"minecraft:crimson_roots":14,"minecraft:crafting_table":6,"born_in_chaos_v1:diamond_termite_shard":1,"minecraft:clay_ball":16,"minecraft:wooden_pickaxe":1,"moguns:trumpet":1,"minecraft:iron_axe":1,"minecraft:netherite_scrap":1,"cgm:mini_gun":1,"minecraft:sugar_cane":1,"minecraft:egg":2,"minecraft:raw_iron":118,"minecraft:sandstone":143,"born_in_chaos_v1:pieceofdarkmetal":4,"minecraft:redstone":64,"butchercraft:cooked_pork_scraps":1,"minecraft:arrow":18,"minecraft:weeping_vines":2,"cgm:assault_rifle":1,"butchercraft:chicken_carcass":2,"born_in_chaos_v1:spiny_shell":2,"butchercraft:beef_scraps":8,"minecraft:gold_ingot":3,"minecraft:white_wool":2,"minecraft:bone_block":9,"born_in_chaos_v1:fused_bone":2,"born_in_chaos_v1:corpse_maggot":12,"born_in_chaos_v1:monster_flesh":1,"minecraft:glow_ink_sac":29,"minecraft:crimson_stem":2,"minecraft:birch_planks":8,"minecraft:crimson_fungus":2,"butchercraft:pig_hide":1,"minecraft:oak_log":14,"minecraft:gunpowder":22,"minecraft:iron_ingot":2,"minecraft:stone_pickaxe":2,"butchercraft:pig_carcass":1,"minecraft:black_candle":1,"minecraft:birch_boat":1,"minecraft:pumpkin":2,"minecraft:sweet_berries":56,"minecraft:quartz":25,"born_in_chaos_v1:ethereal_spirit":9,"butchercraft:oxtail":1,"minecraft:white_bed":16,"minecraft:spruce_log":35,"minecraft:spider_eye":2,"butchercraft:leather_scrap":2,"minecraft:stone_axe":1,"butchercraft:lamb_scraps":3,"moguns:762x25":60,"knight_quest:kq_great_essence":1,"cgm:workbench":3,"minecraft:coal":137}},"DataVersion":3120}