{"stats":{"minecraft:custom":{"minecraft:animals_bred":19,"minecraft:interact_with_crafting_table":58,"minecraft:open_barrel":1,"minecraft:leave_game":25,"minecraft:time_since_death":4360,"minecraft:sprint_one_cm":516251,"minecraft:drop":149,"minecraft:play_time":346875,"minecraft:deaths":62,"minecraft:jump":5821,"minecraft:walk_on_water_one_cm":81930,"minecraft:enchant_item":1,"minecraft:interact_with_furnace":87,"minecraft:sleep_in_bed":21,"minecraft:damage_dealt":22283,"minecraft:player_kills":12,"minecraft:crouch_one_cm":158301,"minecraft:mob_kills":116,"minecraft:interact_with_anvil":1,"minecraft:interact_with_campfire":3,"minecraft:climb_one_cm":1319,"minecraft:walk_one_cm":911666,"minecraft:sneak_time":66595,"minecraft:walk_under_water_one_cm":7281,"minecraft:boat_one_cm":82095,"minecraft:total_world_time":346875,"minecraft:interact_with_grindstone":1,"minecraft:time_since_rest":4387,"minecraft:damage_taken":21453,"minecraft:swim_one_cm":20043,"minecraft:fly_one_cm":748672,"minecraft:open_chest":80,"minecraft:fall_one_cm":127582},"minecraft:used":{"minecraft:moss_carpet":1,"minecraft:iron_shovel":150,"butchercraft:cooked_pork_ribs":5,"minecraft:chest":6,"minecraft:rotten_flesh":15,"minecraft:tuff":3,"minecraft:obsidian":12,"butchercraft:cooked_pork_roast":1,"born_in_chaos_v1:corpse_maggot":12,"minecraft:iron_helmet":1,"minecraft:crimson_roots":8,"minecraft:sweet_berries":143,"minecraft:furnace":12,"minecraft:egg":2,"minecraft:potato":47,"minecraft:damaged_anvil":1,"minecraft:stone_pickaxe":313,"minecraft:oak_planks":2,"minecraft:wooden_pickaxe":19,"minecraft:sandstone":19,"minecraft:diamond_axe":495,"minecraft:white_wool":1,"minecraft:sand":1,"minecraft:bread":11,"minecraft:gravel":1,"minecraft:grindstone":1,"minecraft:andesite":41,"cgm:mini_gun":44,"minecraft:bone_meal":8,"minecraft:enchanting_table":1,"minecraft:stone_sword":52,"minecraft:flint_and_steel":1,"born_in_chaos_v1:black_argillite":2,"minecraft:stone_hoe":41,"minecraft:netherrack":1,"simpletomb:grave_key":47,"minecraft:torch":23,"minecraft:dirt":216,"minecraft:spruce_fence":38,"minecraft:wooden_axe":8,"butchercraft:cooked_beef_stewmeat":2,"minecraft:bookshelf":4,"minecraft:iron_axe":93,"minecraft:barrel":1,"minecraft:soul_soil":2,"minecraft:cooked_beef":5,"minecraft:cobbled_deepslate":71,"minecraft:pumpkin":3,"minecraft:wheat_seeds":227,"minecraft:water_bucket":124,"minecraft:cobblestone_stairs":7,"minecraft:baked_potato":19,"minecraft:crafting_table":15,"minecraft:white_bed":16,"butchercraft:cooked_beef_roast":2,"minecraft:wooden_hoe":59,"minecraft:diamond_pickaxe":1160,"minecraft:iron_pickaxe":1174,"minecraft:stone_slab":2,"minecraft:spruce_sapling":3,"minecraft:stone_axe":4,"minecraft:cobblestone":509,"butchercraft:cooked_chicken_scraps":3,"minecraft:bucket":126,"minecraft:diamond_leggings":1},"minecraft:crafted":{"minecraft:oak_planks":116,"butchercraft:cooked_pork_ribs":12,"minecraft:cobblestone_stairs":12,"minecraft:bookshelf":1,"minecraft:diamond_helmet":1,"minecraft:diamond_leggings":1,"minecraft:chest":5,"minecraft:stone_hoe":2,"minecraft:golden_boots":1,"minecraft:diamond_axe":1,"minecraft:crafting_table":3,"minecraft:spruce_planks":80,"minecraft:iron_helmet":1,"minecraft:wooden_pickaxe":2,"minecraft:baked_potato":24,"minecraft:copper_ingot":24,"butchercraft:cooked_lung":4,"minecraft:birch_planks":28,"minecraft:wooden_hoe":1,"minecraft:iron_chestplate":1,"minecraft:paper":6,"minecraft:diamond_pickaxe":4,"minecraft:stick":96,"minecraft:iron_ingot":132,"minecraft:iron_pickaxe":5,"minecraft:stone_sword":1,"minecraft:gold_ingot":5,"minecraft:shears":1,"minecraft:furnace":5,"minecraft:spruce_fence":24,"minecraft:flint_and_steel":1,"minecraft:iron_axe":1,"minecraft:stone_pickaxe":3,"minecraft:diamond_boots":1,"minecraft:enchanting_table":1,"minecraft:bucket":2,"minecraft:stone_axe":1,"minecraft:bread":11,"minecraft:air":0,"minecraft:iron_shovel":1,"minecraft:iron_leggings":1,"minecraft:white_bed":4,"butchercraft:cooked_beef_stewmeat":2,"minecraft:torch":20,"minecraft:diamond_chestplate":1},"minecraft:killed_by":{"born_in_chaos_v1:nightmare_stalker":1,"minecraft:creeper":2,"man:managgresive":3,"minecraft:zombie":1,"minecraft:player":13,"born_in_chaos_v1:dread_hound":1},"minecraft:dropped":{"minecraft:moss_block":13,"minecraft:oak_log":4,"minecraft:baked_potato":5,"minecraft:diamond":15,"minecraft:crafting_table":1,"minecraft:flint":5,"minecraft:dirt":10,"minecraft:crimson_roots":1,"minecraft:chain":5,"minecraft:iron_pickaxe":2,"minecraft:fermented_spider_eye":5,"minecraft:bone":2,"minecraft:gravel":17,"minecraft:stone_axe":1,"minecraft:sugar_cane":1,"born_in_chaos_v1:fire_dust":4,"minecraft:cobbled_deepslate":655,"minecraft:wheat":16,"born_in_chaos_v1:ethereal_spirit":8,"minecraft:rotten_flesh":34,"minecraft:oak_planks":5,"minecraft:white_bed":2,"born_in_chaos_v1:corpse_maggot":7,"knight_quest:kq_great_essence":1,"minecraft:quartz":1,"minecraft:stone_hoe":1,"minecraft:golden_boots":1,"minecraft:iron_ingot":16,"butchercraft:cooked_beef_stewmeat":1,"born_in_chaos_v1:intoxicating_decoction":2,"minecraft:feather":3,"minecraft:iron_helmet":1,"minecraft:amethyst_block":1,"minecraft:coal":3,"minecraft:stick":20,"born_in_chaos_v1:gnawed_bones":2,"born_in_chaos_v1:black_argillite":9,"minecraft:wooden_hoe":1,"minecraft:wooden_axe":1,"born_in_chaos_v1:fused_bone":3,"minecraft:iron_leggings":1,"butchercraft:oxtail":1,"minecraft:pumpkin":1,"minecraft:smooth_basalt":3,"minecraft:redstone":5,"minecraft:moss_carpet":17,"minecraft:stone_sword":1,"minecraft:tuff":14,"butchercraft:chicken_carcass":1,"minecraft:raw_iron":40,"minecraft:stone_slab":2,"minecraft:spruce_fence":10,"minecraft:iron_chestplate":1,"minecraft:diamond_pickaxe":1,"minecraft:andesite":51,"minecraft:barrel":7,"minecraft:gray_concrete_powder":8,"minecraft:sandstone":20,"minecraft:stone_pickaxe":3,"minecraft:wooden_pickaxe":2,"butchercraft:cow_carcass":2},"minecraft:killed":{"born_in_chaos_v1:restless_spirit":4,"born_in_chaos_v1:zombie_lumberjack":1,"born_in_chaos_v1:skeleton_demoman":1,"minecraft:spider":2,"born_in_chaos_v1:scarlet_persecutor":3,"minecraft:skeleton":6,"minecraft:chicken":3,"minecraft:pig":1,"born_in_chaos_v1:diamond_termite":1,"kevin_trophy:blister_zombie":6,"minecraft:goat":1,"minecraft:zombie":37,"born_in_chaos_v1:corpse_fly":16,"born_in_chaos_v1:door_knight":1,"minecraft:cow":5,"born_in_chaos_v1:siamese_skeletonsleft":2,"born_in_chaos_v1:firelight":4,"born_in_chaos_v1:maggot":13,"born_in_chaos_v1:corpse_fish":1,"born_in_chaos_v1:fallen_chaos_knight":2,"born_in_chaos_v1:baby_skeleton":1,"born_in_chaos_v1:swarmer":1,"born_in_chaos_v1:decrepit_skeleton":2,"kevin_trophy:crawler_zombie":3,"born_in_chaos_v1:dark_vortex":1},"minecraft:broken":{"minecraft:stone_pickaxe":1,"minecraft:wooden_pickaxe":1,"minecraft:iron_axe":1,"minecraft:iron_pickaxe":5,"minecraft:wooden_hoe":1},"minecraft:mined":{"minecraft:spruce_planks":9,"minecraft:white_bed":9,"minecraft:obsidian":28,"minecraft:cave_vines_plant":3,"minecraft:grass_block":69,"minecraft:soul_soil":1,"minecraft:spawner":1,"minecraft:iron_ore":111,"minecraft:cobbled_deepslate":9,"minecraft:barrel":7,"minecraft:pumpkin":2,"minecraft:deepslate_lapis_ore":1,"minecraft:azalea":1,"minecraft:deepslate_redstone_ore":16,"minecraft:crimson_nylium":1,"minecraft:clay":2,"minecraft:torch":3,"minecraft:calcite":1,"minecraft:chest":1,"minecraft:cobblestone":104,"minecraft:grindstone":1,"minecraft:sugar_cane":5,"minecraft:oak_planks":1,"minecraft:damaged_anvil":1,"minecraft:wall_torch":4,"minecraft:amethyst_block":3,"minecraft:seagrass":1,"minecraft:birch_log":7,"minecraft:wheat":129,"minecraft:grass":194,"minecraft:oak_log":35,"minecraft:dirt":99,"minecraft:smooth_basalt":3,"minecraft:netherrack":63,"minecraft:oak_leaves":1,"minecraft:deepslate":1088,"minecraft:diamond_ore":1,"minecraft:tuff":43,"minecraft:deepslate_diamond_ore":183,"born_in_chaos_v1:infected_diamond_ore":1,"minecraft:glow_lichen":1,"minecraft:spruce_fence":22,"born_in_chaos_v1:black_argillite":18,"minecraft:crimson_roots":11,"minecraft:spruce_leaves":1,"minecraft:sandstone":16,"minecraft:large_fern":8,"minecraft:redstone_ore":3,"minecraft:furnace":9,"minecraft:andesite":279,"minecraft:potatoes":28,"minecraft:deepslate_iron_ore":63,"minecraft:vine":1,"minecraft:stone":471,"minecraft:white_wool":1,"minecraft:flowering_azalea":1,"minecraft:crafting_table":8,"minecraft:stone_slab":3,"minecraft:tall_grass":29,"minecraft:copper_ore":1,"minecraft:lapis_ore":10,"minecraft:deepslate_gold_ore":14,"minecraft:sweet_berry_bush":24,"minecraft:spruce_log":7,"minecraft:birch_leaves":2,"minecraft:coal_ore":84,"minecraft:gravel":21,"minecraft:fern":26},"minecraft:picked_up":{"minecraft:wooden_axe":1,"minecraft:wheat":107,"cgm:basic_bullet":234,"minecraft:stone_slab":5,"minecraft:enchanted_book":1,"butchercraft:pork_scraps":3,"minecraft:amethyst_block":1,"butchercraft:cow_carcass":3,"born_in_chaos_v1:black_argillite":18,"minecraft:string":3,"minecraft:soul_soil":2,"minecraft:raw_copper":5,"minecraft:cobbled_deepslate":1024,"minecraft:spruce_planks":5,"minecraft:azalea":6,"minecraft:iron_pickaxe":1,"minecraft:furnace":8,"minecraft:stick":2,"minecraft:torch":14,"butchercraft:cooked_pork_roast":1,"minecraft:rotten_flesh":58,"minecraft:tropical_fish":2,"minecraft:bookshelf":3,"minecraft:obsidian":23,"minecraft:cobblestone":563,"minecraft:birch_log":7,"minecraft:feather":4,"minecraft:cooked_beef":5,"minecraft:andesite":282,"butchercraft:cooked_beef_roast":2,"minecraft:potato":74,"butchercraft:cow_hide":1,"minecraft:flint":6,"minecraft:tuff":17,"minecraft:lapis_lazuli":66,"minecraft:dirt":195,"minecraft:gray_concrete_powder":8,"born_in_chaos_v1:monster_skin":1,"minecraft:bone":13,"minecraft:wheat_seeds":345,"minecraft:raw_gold":29,"minecraft:grindstone":1,"minecraft:moss_block":13,"minecraft:oak_planks":1,"butchercraft:beef_stewmeat":24,"minecraft:sand":1,"minecraft:fermented_spider_eye":5,"minecraft:barrel":8,"born_in_chaos_v1:fire_dust":4,"minecraft:diamond":206,"minecraft:lever":1,"born_in_chaos_v1:rotten_fish":1,"minecraft:netherrack":90,"butchercraft:cooked_beef_stewmeat":1,"minecraft:crimson_roots":9,"minecraft:crafting_table":11,"born_in_chaos_v1:diamond_termite_shard":4,"minecraft:clay_ball":8,"born_in_chaos_v1:seedof_chaos":1,"minecraft:chain":7,"minecraft:moss_carpet":18,"born_in_chaos_v1:intoxicating_decoction":2,"cgm:mini_gun":1,"minecraft:oak_boat":1,"born_in_chaos_v1:gnawed_bones":3,"minecraft:chest":1,"minecraft:sugar_cane":7,"minecraft:egg":2,"minecraft:raw_iron":176,"minecraft:sandstone":50,"minecraft:copper_ingot":24,"minecraft:spruce_fence":32,"butchercraft:cooked_chicken_scraps":3,"born_in_chaos_v1:pieceofdarkmetal":6,"minecraft:redstone":87,"butchercraft:chicken_scraps":3,"minecraft:arrow":6,"butchercraft:chicken_carcass":1,"butchercraft:beef_scraps":10,"minecraft:glow_berries":1,"minecraft:white_wool":27,"born_in_chaos_v1:fused_bone":3,"born_in_chaos_v1:corpse_maggot":20,"minecraft:glow_ink_sac":3,"minecraft:oak_log":40,"minecraft:golden_boots":1,"minecraft:gunpowder":2,"minecraft:wooden_hoe":1,"minecraft:paper":12,"minecraft:iron_ingot":33,"minecraft:stone_pickaxe":2,"minecraft:book":5,"minecraft:smooth_basalt":3,"minecraft:pumpkin":1,"minecraft:sweet_berries":47,"minecraft:quartz":2,"born_in_chaos_v1:ethereal_spirit":8,"minecraft:gravel":21,"butchercraft:oxtail":1,"minecraft:spruce_sapling":1,"minecraft:white_bed":14,"minecraft:spruce_log":7,"butchercraft:leather_scrap":7,"minecraft:slime_ball":1,"knight_quest:kq_great_essence":1,"minecraft:damaged_anvil":1,"minecraft:coal":292}},"DataVersion":3120}