{"stats":{"minecraft:custom":{"minecraft:interact_with_crafting_table":77,"minecraft:leave_game":24,"minecraft:time_since_death":54893,"minecraft:sprint_one_cm":863099,"minecraft:damage_blocked_by_shield":40,"minecraft:drop":97,"minecraft:play_time":375418,"minecraft:deaths":63,"minecraft:jump":8646,"minecraft:walk_on_water_one_cm":29725,"minecraft:interact_with_furnace":132,"minecraft:sleep_in_bed":14,"minecraft:damage_dealt":19641,"minecraft:player_kills":12,"minecraft:crouch_one_cm":23811,"minecraft:mob_kills":102,"minecraft:damage_dealt_resisted":84,"minecraft:climb_one_cm":5731,"minecraft:walk_one_cm":757731,"minecraft:sneak_time":9385,"minecraft:walk_under_water_one_cm":7240,"minecraft:boat_one_cm":292821,"minecraft:total_world_time":375418,"minecraft:time_since_rest":54912,"minecraft:damage_taken":20772,"minecraft:swim_one_cm":58623,"minecraft:fly_one_cm":1809180,"minecraft:open_chest":151,"minecraft:fall_one_cm":250502},"minecraft:used":{"butchercraft:pig_head_item":1,"butchercraft:chicken_scraps":1,"butchercraft:butcher_knife":4,"minecraft:chest":4,"minecraft:shield":2,"minecraft:rotten_flesh":6,"minecraft:iron_chestplate":1,"minecraft:tuff":1,"butchercraft:cooked_pork_roast":2,"born_in_chaos_v1:corpse_maggot":5,"minecraft:lantern":1,"minecraft:iron_helmet":1,"butchercraft:beef_scraps":1,"minecraft:sweet_berries":15,"minecraft:furnace":7,"minecraft:egg":1,"butchercraft:meat_hook_item":6,"minecraft:oak_planks":52,"minecraft:stone_pickaxe":249,"minecraft:wooden_pickaxe":5,"minecraft:sandstone":16,"butchercraft:cooked_pork_scraps":5,"butchercraft:pig_hide":3,"butchercraft:skinning_knife":2,"minecraft:nether_wart_block":1,"born_in_chaos_v1:rotten_fish":4,"minecraft:andesite":48,"minecraft:oak_boat":2,"born_in_chaos_v1:ethereal_spirit":3,"minecraft:stone_shovel":97,"minecraft:spruce_planks":3,"born_in_chaos_v1:black_argillite":2,"minecraft:netherrack":74,"simpletomb:grave_key":72,"minecraft:oak_door":3,"minecraft:torch":51,"minecraft:dirt":34,"butchercraft:blood_fluid_bucket":10,"minecraft:wooden_axe":5,"minecraft:flowering_azalea":1,"butchercraft:cooked_beef_stewmeat":1,"minecraft:iron_axe":267,"minecraft:cooked_beef":28,"minecraft:cobbled_deepslate":12,"minecraft:water_bucket":10,"butchercraft:cow_hide":4,"butchercraft:pork_scraps":1,"minecraft:crafting_table":11,"minecraft:white_bed":8,"minecraft:campfire":2,"minecraft:light_gray_concrete_powder":8,"butchercraft:cooked_beef_roast":8,"minecraft:diamond_pickaxe":76,"minecraft:apple":1,"minecraft:iron_pickaxe":462,"minecraft:spruce_trapdoor":3,"minecraft:stone_axe":148,"minecraft:cobblestone":257,"minecraft:cooked_porkchop":2,"minecraft:bucket":14},"minecraft:crafted":{"minecraft:black_dye":3,"minecraft:light_gray_concrete_powder":16,"minecraft:oak_planks":124,"minecraft:chain":3,"minecraft:iron_boots":1,"minecraft:chest":2,"butchercraft:butcher_knife":1,"minecraft:cooked_porkchop":2,"minecraft:crafting_table":7,"minecraft:spruce_planks":8,"minecraft:wooden_pickaxe":1,"minecraft:iron_helmet":1,"minecraft:birch_planks":16,"minecraft:campfire":2,"butchercraft:cooked_pork_scraps":6,"minecraft:spruce_trapdoor":2,"minecraft:iron_chestplate":1,"minecraft:diamond_pickaxe":1,"minecraft:shield":1,"minecraft:stick":44,"minecraft:iron_ingot":82,"minecraft:iron_pickaxe":2,"minecraft:light_gray_dye":2,"minecraft:shears":1,"minecraft:polished_andesite":48,"minecraft:oak_door":3,"minecraft:stone_shovel":1,"minecraft:iron_nugget":18,"minecraft:furnace":2,"minecraft:gray_dye":2,"minecraft:bone_meal":3,"minecraft:black_concrete_powder":8,"minecraft:iron_axe":2,"minecraft:stone_pickaxe":2,"butchercraft:meat_hook_item":2,"minecraft:cooked_beef":41,"butchercraft:skinning_knife":1,"butchercraft:cooked_beef_roast":20,"minecraft:gray_concrete_powder":8,"minecraft:bucket":1,"minecraft:stone_axe":2,"minecraft:air":0,"minecraft:oak_boat":2,"minecraft:white_dye":2,"butchercraft:gut_knife":1,"minecraft:wooden_axe":1,"minecraft:iron_leggings":1,"butchercraft:cooked_beef_stewmeat":14,"minecraft:torch":4,"butchercraft:bone_saw":1},"minecraft:killed_by":{"born_in_chaos_v1:corpse_fly":1,"man:managgresive":1,"born_in_chaos_v1:scarlet_persecutor":1,"thestarvedstalker:the_starved_stalker_aggro":3,"minecraft:player":22,"born_in_chaos_v1:bloody_gadfly":1},"minecraft:dropped":{"butchercraft:beef_scraps":3,"butchercraft:leather_scrap":1,"minecraft:candle":4,"minecraft:moss_block":2,"minecraft:birch_planks":8,"minecraft:porkchop":14,"minecraft:cooked_beef":13,"minecraft:glow_ink_sac":4,"minecraft:crafting_table":1,"minecraft:weeping_vines":2,"butchercraft:meat_hook_item":1,"minecraft:flint":1,"minecraft:dirt":1,"minecraft:grass":1,"butchercraft:cooked_beef_roast":12,"butchercraft:pig_head_item":1,"minecraft:bone_meal":3,"minecraft:iron_pickaxe":3,"minecraft:bone":1,"minecraft:oak_door":1,"minecraft:gravel":7,"minecraft:crimson_fungus":2,"minecraft:cobbled_deepslate":66,"minecraft:rotten_flesh":4,"minecraft:oak_planks":6,"minecraft:gunpowder":4,"cgm:basic_bullet":64,"born_in_chaos_v1:corpse_maggot":1,"born_in_chaos_v1:diamond_termite_shard":1,"minecraft:quartz":10,"minecraft:light_gray_concrete_powder":8,"minecraft:egg":1,"minecraft:iron_ingot":8,"butchercraft:cooked_beef_stewmeat":1,"minecraft:black_dye":1,"minecraft:wheat_seeds":1,"butchercraft:skinning_knife":2,"minecraft:poisonous_potato":2,"cgm:mini_gun":1,"minecraft:copper_ingot":2,"minecraft:stick":7,"born_in_chaos_v1:black_argillite":7,"minecraft:ink_sac":1,"butchercraft:cooked_pork_scraps":1,"minecraft:wooden_axe":1,"minecraft:iron_axe":1,"minecraft:string":6,"minecraft:bucket":1,"minecraft:raw_copper":94,"minecraft:tuff":2,"butchercraft:cooked_pork_roast":2,"moguns:walther_ppk":1,"minecraft:black_concrete_powder":8,"minecraft:spruce_planks":1,"minecraft:andesite":9,"minecraft:gray_concrete_powder":8,"minecraft:wooden_pickaxe":1},"minecraft:killed":{"born_in_chaos_v1:zombie_clown":1,"born_in_chaos_v1:restless_spirit":2,"born_in_chaos_v1:zombie_lumberjack":1,"born_in_chaos_v1:skeleton_demoman":1,"minecraft:spider":3,"minecraft:skeleton":2,"minecraft:chicken":1,"minecraft:piglin":4,"minecraft:pig":4,"minecraft:zombie_villager":1,"born_in_chaos_v1:diamond_termite":2,"minecraft:creeper":6,"kevin_trophy:blister_zombie":5,"minecraft:goat":1,"minecraft:zombie":21,"born_in_chaos_v1:corpse_fly":13,"minecraft:cow":6,"born_in_chaos_v1:siamese_skeletonsleft":1,"midnightlurker:void_hands":1,"born_in_chaos_v1:thornshell_crab":1,"born_in_chaos_v1:zombie_bruiser":2,"born_in_chaos_v1:firelight":3,"born_in_chaos_v1:maggot":7,"born_in_chaos_v1:corpse_fish":4,"born_in_chaos_v1:decrepit_skeleton":4,"kevin_trophy:crawler_zombie":2,"thestarvedstalker:hungrejaw":1,"born_in_chaos_v1:nightmare_stalker":1},"minecraft:broken":{"minecraft:iron_chestplate":1,"minecraft:stone_pickaxe":1,"minecraft:stone_axe":1,"minecraft:iron_pickaxe":1},"minecraft:mined":{"minecraft:spruce_planks":13,"minecraft:white_bed":8,"minecraft:spruce_trapdoor":1,"minecraft:grass_block":15,"minecraft:soul_soil":1,"minecraft:crimson_fungus":1,"minecraft:iron_ore":34,"minecraft:fire":8,"minecraft:light_gray_concrete":7,"minecraft:deepslate_redstone_ore":5,"butchercraft:pig_head_wall":1,"minecraft:crimson_nylium":4,"born_in_chaos_v1:infected_deepslate_diamond_ore":1,"minecraft:torch":11,"minecraft:chest":1,"minecraft:nether_quartz_ore":4,"minecraft:cobblestone":160,"minecraft:oak_planks":17,"minecraft:wall_torch":39,"minecraft:deepslate_copper_ore":2,"minecraft:birch_log":5,"minecraft:wheat":1,"minecraft:grass":56,"minecraft:oak_log":37,"minecraft:sand":47,"minecraft:dirt":64,"minecraft:netherrack":36,"minecraft:oak_leaves":2,"minecraft:deepslate":28,"minecraft:nether_gold_ore":1,"minecraft:mossy_cobblestone":4,"minecraft:deepslate_diamond_ore":10,"minecraft:oak_door":1,"butchercraft:meat_hook":4,"born_in_chaos_v1:black_argillite":2,"minecraft:crimson_roots":10,"minecraft:spruce_leaves":1,"butchercraft:pig_hide_carpet":3,"butchercraft:cow_hide_carpet":4,"minecraft:sandstone":9,"minecraft:large_fern":2,"minecraft:furnace":4,"minecraft:andesite":45,"minecraft:deepslate_iron_ore":33,"minecraft:vine":1,"minecraft:stone":263,"minecraft:crafting_table":5,"minecraft:tall_grass":10,"minecraft:copper_ore":17,"minecraft:deepslate_gold_ore":29,"minecraft:sweet_berry_bush":4,"minecraft:spruce_log":8,"minecraft:birch_leaves":1,"minecraft:coal_ore":24,"minecraft:gravel":11,"minecraft:fern":10},"minecraft:picked_up":{"minecraft:iron_chestplate":1,"minecraft:wheat":1,"cgm:basic_bullet":64,"butchercraft:pork_ribs":6,"butchercraft:pork_scraps":24,"butchercraft:cow_carcass":3,"born_in_chaos_v1:black_argillite":41,"minecraft:string":6,"minecraft:raw_copper":160,"minecraft:gold_nugget":5,"minecraft:cobbled_deepslate":222,"minecraft:bucket":1,"minecraft:spruce_planks":18,"butchercraft:fat":23,"minecraft:iron_pickaxe":5,"minecraft:furnace":5,"minecraft:stick":2,"minecraft:torch":57,"minecraft:porkchop":14,"born_in_chaos_v1:nightmare_claw":1,"butchercraft:meat_hook_item":5,"minecraft:stone_sword":1,"minecraft:rotten_flesh":48,"butchercraft:blood_fluid_bucket":8,"minecraft:cobblestone":587,"minecraft:birch_log":6,"born_in_chaos_v1:staffof_magic_arrows":1,"butchercraft:tripe":24,"minecraft:feather":2,"minecraft:andesite":113,"butchercraft:pig_head_item":6,"minecraft:potato":1,"butchercraft:cow_hide":5,"minecraft:flint":10,"minecraft:tuff":3,"minecraft:dirt":54,"minecraft:lantern":1,"minecraft:light_gray_concrete_powder":8,"born_in_chaos_v1:monster_skin":3,"minecraft:bone":62,"minecraft:acacia_planks":8,"minecraft:wheat_seeds":15,"minecraft:raw_gold":29,"minecraft:moss_block":2,"minecraft:oak_planks":19,"butchercraft:beef_stewmeat":24,"minecraft:poisonous_potato":2,"minecraft:sand":87,"butchercraft:heart":3,"minecraft:ink_sac":4,"minecraft:fermented_spider_eye":5,"minecraft:light_gray_concrete":7,"minecraft:black_concrete_powder":8,"born_in_chaos_v1:fire_dust":12,"minecraft:diamond":7,"minecraft:slime_block":1,"thestarvedstalker:cadasite":2,"minecraft:grass":1,"minecraft:bone_meal":4,"moguns:walther_ppk":1,"born_in_chaos_v1:rotten_fish":4,"minecraft:netherrack":77,"butchercraft:cooked_beef_stewmeat":1,"minecraft:crimson_roots":14,"minecraft:crafting_table":5,"born_in_chaos_v1:diamond_termite_shard":5,"butchercraft:cubed_beef":9,"minecraft:iron_axe":1,"born_in_chaos_v1:intoxicating_decoction":4,"butchercraft:beef_roast":21,"minecraft:candle":8,"cgm:mini_gun":1,"minecraft:beef":54,"butchercraft:kidney":6,"minecraft:iron_nugget":18,"butchercraft:pork_stewmeat":15,"minecraft:chest":2,"minecraft:sugar_cane":2,"minecraft:spruce_trapdoor":1,"butchercraft:cubed_pork":4,"minecraft:egg":2,"minecraft:raw_iron":111,"minecraft:sandstone":99,"minecraft:oak_door":1,"minecraft:copper_ingot":2,"butchercraft:sinew":60,"born_in_chaos_v1:pieceofdarkmetal":2,"minecraft:redstone":51,"butchercraft:lung":6,"butchercraft:pork_roast":10,"butchercraft:chicken_scraps":1,"minecraft:weeping_vines":4,"minecraft:arrow":6,"butchercraft:chicken_carcass":1,"born_in_chaos_v1:spiny_shell":3,"butchercraft:beef_scraps":36,"born_in_chaos_v1:corpse_maggot":17,"minecraft:glow_ink_sac":4,"minecraft:crimson_stem":3,"minecraft:birch_planks":3,"minecraft:crimson_fungus":4,"butchercraft:pig_hide":5,"minecraft:oak_log":37,"minecraft:nether_wart_block":1,"minecraft:gunpowder":10,"minecraft:cobblestone_stairs":5,"minecraft:apple":1,"minecraft:iron_ingot":2,"butchercraft:liver":3,"minecraft:flowering_azalea":1,"butchercraft:pig_carcass":2,"minecraft:sweet_berries":9,"minecraft:quartz":20,"born_in_chaos_v1:ethereal_spirit":9,"minecraft:gravel":30,"butchercraft:oxtail":1,"minecraft:white_bed":8,"minecraft:spruce_log":8,"butchercraft:cow_head_item":1,"butchercraft:beef_ribs":6,"butchercraft:leather_scrap":27,"minecraft:stone_axe":1,"butchercraft:stomach":6,"knight_quest:kq_great_essence":1,"butchercraft:skinning_knife":1,"minecraft:black_wool":6,"minecraft:coal":24}},"DataVersion":3120}