{"stats":{"minecraft:used":{"born_in_chaos_v1:ethereal_spirit":2,"minecraft:stone_shovel":25,"minecraft:chest":1,"minecraft:spruce_planks":6,"minecraft:shield":14,"simpletomb:grave_key":53,"minecraft:netherrack":27,"minecraft:iron_chestplate":1,"minecraft:torch":9,"minecraft:dirt":12,"butchercraft:cooked_pork_roast":5,"butchercraft:blood_fluid_bucket":5,"butchercraft:cooked_beef_stewmeat":1,"minecraft:lantern":1,"minecraft:iron_helmet":1,"minecraft:iron_boots":1,"minecraft:smooth_basalt":3,"minecraft:cooked_beef":11,"minecraft:pumpkin":1,"minecraft:potato":1,"minecraft:cobbled_deepslate":27,"minecraft:iron_leggings":1,"minecraft:wheat_seeds":24,"minecraft:water_bucket":12,"minecraft:spruce_door":2,"minecraft:baked_potato":5,"minecraft:oak_planks":4,"minecraft:cauldron":1,"butchercraft:cooked_beef_scraps":1,"minecraft:diamond_axe":612,"butchercraft:cooked_rabbit_scraps":1,"minecraft:crafting_table":3,"butchercraft:cooked_pork_scraps":4,"butchercraft:cooked_beef_roast":2,"minecraft:wooden_hoe":8,"minecraft:diamond_pickaxe":609,"minecraft:iron_pickaxe":222,"minecraft:light_gray_concrete":5,"minecraft:bread":5,"minecraft:gravel":1,"minecraft:cobblestone":61,"minecraft:andesite":25,"minecraft:bucket":15,"cgm:mini_gun":220},"minecraft:custom":{"minecraft:mob_kills":106,"minecraft:animals_bred":2,"minecraft:interact_with_crafting_table":31,"minecraft:fill_cauldron":1,"minecraft:damage_dealt_resisted":185,"minecraft:leave_game":5,"minecraft:time_since_death":2288,"minecraft:climb_one_cm":1261,"minecraft:sprint_one_cm":533765,"minecraft:walk_one_cm":536234,"minecraft:damage_blocked_by_shield":235,"minecraft:drop":100,"minecraft:play_time":154226,"minecraft:sneak_time":810,"minecraft:deaths":32,"minecraft:walk_under_water_one_cm":1875,"minecraft:jump":2940,"minecraft:walk_on_water_one_cm":15003,"minecraft:total_world_time":154226,"minecraft:interact_with_furnace":61,"minecraft:time_since_rest":2311,"minecraft:damage_taken":11931,"minecraft:damage_dealt":23003,"minecraft:player_kills":31,"minecraft:fly_one_cm":384369,"minecraft:open_chest":63,"minecraft:crouch_one_cm":4409,"minecraft:fall_one_cm":62711},"minecraft:crafted":{"minecraft:oak_planks":20,"butchercraft:cooked_rabbit_scraps":1,"butchercraft:cooked_pork_roast":10,"minecraft:iron_boots":1,"minecraft:chest":1,"minecraft:golden_helmet":1,"minecraft:golden_boots":1,"minecraft:cooked_beef":1,"minecraft:diamond_axe":1,"minecraft:crafting_table":1,"minecraft:spruce_planks":36,"minecraft:spruce_door":3,"minecraft:copper_ingot":12,"minecraft:bucket":1,"minecraft:birch_planks":8,"minecraft:bread":5,"minecraft:air":0,"butchercraft:cooked_beef_scraps":1,"butchercraft:cooked_pork_scraps":4,"minecraft:iron_chestplate":1,"minecraft:wooden_hoe":1,"minecraft:stick":4,"minecraft:iron_ingot":34,"minecraft:iron_pickaxe":1,"minecraft:iron_leggings":1,"minecraft:gold_ingot":3,"butchercraft:cooked_beef_stewmeat":2,"minecraft:acacia_planks":8,"minecraft:torch":24,"minecraft:diamond_chestplate":1},"minecraft:killed_by":{"thestarvedstalker:the_starved_stalker_aggro":3,"minecraft:player":25,"kevin_trophy:zombie_brute":1,"man:managgresive":1,"born_in_chaos_v1:bonescaller":1},"minecraft:dropped":{"butchercraft:cow_hide":1,"minecraft:iron_ingot":4,"butchercraft:cooked_beef_stewmeat":1,"minecraft:clay":3,"butchercraft:fat":5,"butchercraft:leather_scrap":1,"minecraft:moss_block":15,"minecraft:wheat_seeds":1,"minecraft:diamond_axe":1,"minecraft:cooked_beef":7,"minecraft:bookshelf":1,"butchercraft:meat_hook_item":2,"minecraft:copper_ingot":4,"minecraft:flint":9,"butchercraft:cow_head_item":1,"butchercraft:lamb_scraps":3,"minecraft:dirt":1,"minecraft:grass":7,"minecraft:black_candle":6,"butchercraft:cooked_beef_roast":4,"minecraft:wooden_hoe":3,"minecraft:crimson_roots":31,"born_in_chaos_v1:fused_bone":4,"butchercraft:blood_fluid_bucket":1,"minecraft:iron_pickaxe":2,"minecraft:iron_shovel":1,"minecraft:fermented_spider_eye":5,"minecraft:string":12,"minecraft:white_wool":2,"minecraft:acacia_planks":8,"minecraft:redstone":7,"minecraft:smooth_basalt":1,"minecraft:gold_ingot":3,"minecraft:bone":32,"minecraft:gravel":22,"minecraft:crimson_fungus":1,"minecraft:tuff":4,"born_in_chaos_v1:ethereal_spirit":3,"minecraft:rotten_flesh":17,"minecraft:oak_planks":10,"minecraft:slime_block":1,"minecraft:carrot":2,"butchercraft:cooked_pork_roast":1,"minecraft:potato":2,"minecraft:peony":4,"minecraft:iron_chestplate":1,"minecraft:andesite":18,"born_in_chaos_v1:corpse_maggot":6,"minecraft:spider_eye":1,"minecraft:sandstone":6,"minecraft:raw_gold":15,"minecraft:calcite":2},"minecraft:killed":{"minecraft:zombified_piglin":3,"born_in_chaos_v1:zombie_lumberjack":1,"born_in_chaos_v1:restless_spirit":1,"minecraft:spider":2,"born_in_chaos_v1:siamese_skeletonsright":4,"born_in_chaos_v1:zombie_bruiser":1,"born_in_chaos_v1:baby_skeleton_minion":2,"born_in_chaos_v1:firelight":11,"born_in_chaos_v1:maggot":9,"minecraft:skeleton":1,"minecraft:chicken":1,"born_in_chaos_v1:skeleton_thrasher":1,"minecraft:piglin":3,"born_in_chaos_v1:bonescaller":1,"minecraft:pig":3,"minecraft:zombie_villager":2,"born_in_chaos_v1:baby_skeleton":1,"minecraft:rabbit":4,"minecraft:hoglin":2,"born_in_chaos_v1:decrepit_skeleton":5,"minecraft:sheep":5,"kevin_trophy:blister_zombie":4,"minecraft:pillager":1,"kevin_trophy:crawler_zombie":2,"minecraft:goat":1,"minecraft:zombie":26,"born_in_chaos_v1:dread_hound":1,"born_in_chaos_v1:siamese_skeletonsleft":2,"minecraft:enderman":1,"minecraft:cow":4},"minecraft:broken":{"butchercraft:chicken_mask":1,"minecraft:iron_leggings":1,"minecraft:iron_helmet":1},"minecraft:picked_up":{"minecraft:crafting_table":2,"minecraft:wheat":40,"born_in_chaos_v1:seedof_chaos":1,"butchercraft:pork_ribs":6,"butchercraft:pork_scraps":14,"minecraft:chain":1,"minecraft:shield":1,"butchercraft:cow_carcass":1,"minecraft:amethyst_block":38,"minecraft:string":13,"minecraft:soul_soil":1,"minecraft:raw_copper":126,"minecraft:iron_shovel":2,"minecraft:gold_nugget":55,"butchercraft:black_bunny_tail":1,"minecraft:cobbled_deepslate":87,"minecraft:bucket":1,"minecraft:spruce_planks":6,"cgm:mini_gun":2,"butchercraft:black_bunny_ears":1,"minecraft:white_tulip":1,"minecraft:calcite":2,"minecraft:iron_pickaxe":2,"butchercraft:fat":5,"minecraft:spruce_trapdoor":2,"butchercraft:cubed_pork":4,"minecraft:raw_iron":49,"minecraft:stick":26,"minecraft:sandstone":6,"minecraft:copper_ingot":2,"minecraft:torch":5,"minecraft:acacia_log":2,"minecraft:porkchop":17,"butchercraft:chicken_mask":1,"butchercraft:sinew":12,"born_in_chaos_v1:pieceofdarkmetal":2,"minecraft:carrot":2,"minecraft:redstone":140,"minecraft:cauldron":1,"butchercraft:pork_roast":10,"butchercraft:meat_hook_item":2,"minecraft:stone_shovel":1,"minecraft:rotten_flesh":34,"minecraft:peony":4,"moguns:lanchester":1,"butchercraft:rabbit_scraps":1,"butchercraft:blood_fluid_bucket":3,"minecraft:bookshelf":1,"minecraft:gold_ingot":9,"butchercraft:beef_scraps":5,"minecraft:glow_berries":1,"minecraft:bone_block":1,"minecraft:white_wool":6,"minecraft:cobblestone":67,"born_in_chaos_v1:fused_bone":4,"born_in_chaos_v1:corpse_maggot":6,"minecraft:cooked_beef":17,"born_in_chaos_v1:monster_flesh":1,"minecraft:crimson_stem":23,"minecraft:andesite":43,"butchercraft:pig_head_item":2,"butchercraft:cooked_beef_roast":6,"minecraft:potato":2,"butchercraft:cow_hide":1,"minecraft:flint":9,"minecraft:crimson_fungus":6,"minecraft:tuff":4,"minecraft:oak_log":6,"minecraft:nether_wart_block":3,"minecraft:wooden_hoe":2,"minecraft:dirt":18,"minecraft:lantern":2,"minecraft:bone":49,"minecraft:wheat_seeds":61,"minecraft:raw_gold":31,"minecraft:iron_ingot":18,"minecraft:stone_pickaxe":1,"minecraft:moss_block":15,"minecraft:oak_planks":15,"minecraft:smooth_basalt":4,"minecraft:warped_fungus":2,"minecraft:black_candle":12,"minecraft:pumpkin":1,"born_in_chaos_v1:ethereal_spirit":6,"minecraft:gravel":39,"born_in_chaos_v1:dark_rod":2,"minecraft:sand":7,"minecraft:amethyst_shard":9,"minecraft:spruce_sapling":2,"minecraft:spruce_log":9,"minecraft:fermented_spider_eye":5,"minecraft:spider_eye":2,"butchercraft:cow_head_item":1,"butchercraft:leather_scrap":18,"minecraft:light_gray_concrete":5,"minecraft:clay":3,"minecraft:diamond":38,"minecraft:slime_block":1,"minecraft:diamond_axe":1,"minecraft:iron_helmet":1,"butchercraft:lamb_scraps":9,"minecraft:grass":7,"butchercraft:skinning_knife":1,"minecraft:baked_potato":5,"minecraft:netherrack":153,"minecraft:coal":16,"minecraft:crimson_roots":31,"minecraft:diamond_pickaxe":1,"minecraft:ender_pearl":1},"minecraft:mined":{"minecraft:large_amethyst_bud":1,"minecraft:nether_gold_ore":15,"minecraft:tuff":33,"minecraft:spruce_planks":2,"minecraft:deepslate_diamond_ore":25,"minecraft:candle":1,"minecraft:spruce_trapdoor":2,"minecraft:glow_lichen":3,"minecraft:budding_amethyst":4,"minecraft:allium":1,"minecraft:grass_block":13,"minecraft:crimson_roots":40,"minecraft:soul_soil":1,"minecraft:spruce_leaves":8,"minecraft:crimson_fungus":7,"minecraft:spawner":1,"minecraft:sandstone":3,"minecraft:crimson_stem":24,"minecraft:weeping_vines_plant":3,"minecraft:redstone_ore":2,"minecraft:glowstone":7,"minecraft:iron_ore":7,"minecraft:barrel":1,"minecraft:cobbled_deepslate":4,"minecraft:andesite":52,"minecraft:pumpkin":1,"minecraft:peony":2,"minecraft:potatoes":1,"minecraft:vine":1,"minecraft:water_cauldron":1,"minecraft:deepslate_iron_ore":6,"minecraft:lantern":3,"minecraft:light_gray_concrete":1,"minecraft:black_candle":2,"minecraft:white_tulip":1,"minecraft:stone":119,"minecraft:deepslate_redstone_ore":31,"minecraft:amethyst_cluster":1,"minecraft:crimson_nylium":4,"minecraft:crafting_table":3,"minecraft:calcite":2,"minecraft:copper_ore":26,"minecraft:tall_grass":6,"minecraft:cobblestone":10,"minecraft:deepslate_gold_ore":31,"minecraft:oak_planks":3,"minecraft:wall_torch":1,"minecraft:amethyst_block":19,"minecraft:deepslate_copper_ore":2,"minecraft:nether_wart_block":3,"minecraft:wheat":23,"minecraft:spruce_log":13,"minecraft:warped_fungus":2,"minecraft:grass":31,"minecraft:coal_ore":18,"minecraft:gravel":17,"minecraft:sand":7,"minecraft:dirt":26,"minecraft:smooth_basalt":4,"minecraft:netherrack":162,"minecraft:deepslate":158,"minecraft:oak_leaves":1,"minecraft:fern":1}},"DataVersion":3120}