{"stats":{"minecraft:used":{"minecraft:wooden_axe":17,"minecraft:stone_pickaxe":31,"minecraft:wooden_pickaxe":6,"simpletomb:grave_key":6,"minecraft:dirt":5,"minecraft:crafting_table":3,"minecraft:oak_sapling":2,"minecraft:oak_boat":2},"minecraft:custom":{"minecraft:time_since_rest":761,"minecraft:sprint_one_cm":31123,"minecraft:damage_taken":610,"minecraft:walk_one_cm":26730,"minecraft:mob_kills":1,"minecraft:drop":1,"minecraft:damage_dealt":163,"minecraft:interact_with_crafting_table":6,"minecraft:swim_one_cm":1054,"minecraft:fly_one_cm":40421,"minecraft:crouch_one_cm":11050,"minecraft:play_time":7295,"minecraft:deaths":2,"minecraft:sneak_time":1910,"minecraft:walk_under_water_one_cm":4005,"minecraft:boat_one_cm":21909,"minecraft:jump":226,"minecraft:leave_game":1,"minecraft:walk_on_water_one_cm":2656,"minecraft:time_since_death":751,"minecraft:climb_one_cm":495,"minecraft:total_world_time":7295,"minecraft:fall_one_cm":5115},"minecraft:crafted":{"minecraft:oak_boat":2,"minecraft:oak_planks":52,"minecraft:crafting_table":2,"minecraft:stick":16,"minecraft:wooden_pickaxe":2,"minecraft:stone_pickaxe":1,"minecraft:wooden_axe":2},"minecraft:dropped":{"minecraft:fermented_spider_eye":1},"minecraft:killed_by":{"minecraft:player":1,"born_in_chaos_v1:glutton_fish":1},"minecraft:killed":{"minecraft:chicken":1},"minecraft:mined":{"minecraft:birch_leaves":1,"minecraft:crafting_table":3,"minecraft:grass":1,"minecraft:grass_block":2,"minecraft:oak_log":13,"minecraft:dirt":3,"minecraft:stone":37,"minecraft:oak_leaves":8},"minecraft:picked_up":{"minecraft:stick":3,"minecraft:crafting_table":3,"minecraft:feather":2,"minecraft:oak_log":13,"minecraft:fermented_spider_eye":1,"minecraft:dirt":5,"minecraft:oak_sapling":2,"minecraft:cobblestone":37}},"DataVersion":3120}